,user_name,id
0,https://www.trip.skyscanner.com/user/what-moms-think,what-moms-think
2,https://www.trip.skyscanner.com/user/yelena-konetchy,yelena-konetchy
4,https://www.trip.skyscanner.com/user/bailey-k_2,bailey-k_2
6,https://www.trip.skyscanner.com/user/ramona-flume,ramona-flume
8,https://www.trip.skyscanner.com/user/patty-drew,patty-drew
10,https://www.trip.skyscanner.com/user/nina-pena_2,nina-pena_2
12,https://www.trip.skyscanner.com/user/tiffany-z,tiffany-z
14,https://www.trip.skyscanner.com/user/meg-brooker,meg-brooker
16,https://www.trip.skyscanner.com/user/brent-wistrom,brent-wistrom
18,https://www.trip.skyscanner.com/user/stephanie-asmus,stephanie-asmus
20,https://www.trip.skyscanner.com/user/amit-anandwala,amit-anandwala
22,https://www.trip.skyscanner.com/user/mark-payne_3,mark-payne_3
24,https://www.trip.skyscanner.com/user/melody-lowe,melody-lowe
26,https://www.trip.skyscanner.com/user/elisa-regulski,elisa-regulski
28,https://www.trip.skyscanner.com/user/ryan-onyxhotels,ryan-onyxhotels
30,https://www.trip.skyscanner.com/user/stephen-andears,stephen-andears
32,https://www.trip.skyscanner.com/user/alice-chase,alice-chase
34,https://www.trip.skyscanner.com/user/mary-beth-c_2,mary-beth-c_2
36,https://www.trip.skyscanner.com/user/justine_14,justine_14
38,https://www.trip.skyscanner.com/user/jen-knoedl,jen-knoedl
40,https://www.trip.skyscanner.com/user/travis-katz,travis-katz
42,https://www.trip.skyscanner.com/user/broke-girls-guide,broke-girls-guide
44,https://www.trip.skyscanner.com/user/mary-lou-t_2,mary-lou-t_2
46,https://www.trip.skyscanner.com/user/persis-ratouis,persis-ratouis
48,https://www.trip.skyscanner.com/user/laraye-rushing,laraye-rushing
50,https://www.trip.skyscanner.com/user/netta-drimer_2,netta-drimer_2
52,https://www.trip.skyscanner.com/user/paula_19,paula_19
54,https://www.trip.skyscanner.com/user/diane-austin,diane-austin
56,https://www.trip.skyscanner.com/user/suzanne-wyble,suzanne-wyble
58,https://www.trip.skyscanner.com/user/audrey-lo-travelingaudrey_2,audrey-lo-travelingaudrey_2
60,https://www.trip.skyscanner.com/user/libby_3,libby_3
62,https://www.trip.skyscanner.com/user/connie-chang,connie-chang
64,https://www.trip.skyscanner.com/user/patrick-keltner,patrick-keltner
66,https://www.trip.skyscanner.com/user/van-le,van-le
68,https://www.trip.skyscanner.com/user/baxter-jackson,baxter-jackson
70,https://www.trip.skyscanner.com/user/steve-deangelo,steve-deangelo
72,https://www.trip.skyscanner.com/user/susan-l_19,susan-l_19
74,https://www.trip.skyscanner.com/user/jessica-abramson,jessica-abramson
76,https://www.trip.skyscanner.com/user/alicia-moylan,alicia-moylan
78,https://www.trip.skyscanner.com/user/nina-h_3,nina-h_3
80,https://www.trip.skyscanner.com/user/keane,keane
82,https://www.trip.skyscanner.com/user/derrick-sison,derrick-sison
84,https://www.trip.skyscanner.com/user/deborah-peacock_2,deborah-peacock_2
86,https://www.trip.skyscanner.com/user/rebecca-goglia-beccabandit,rebecca-goglia-beccabandit
88,https://www.trip.skyscanner.com/user/rie_4,rie_4
90,https://www.trip.skyscanner.com/user/frances-nguyen-ha,frances-nguyen-ha
92,https://www.trip.skyscanner.com/user/dale-c_3,dale-c_3
94,https://www.trip.skyscanner.com/user/april-mccormick-miner,april-mccormick-miner
96,https://www.trip.skyscanner.com/user/katherine_9,katherine_9
98,https://www.trip.skyscanner.com/user/gmack,gmack
100,https://www.trip.skyscanner.com/user/sharon-d_7,sharon-d_7
102,https://www.trip.skyscanner.com/user/tyson-bramer,tyson-bramer
104,https://www.trip.skyscanner.com/user/john-ewalt,john-ewalt
106,https://www.trip.skyscanner.com/user/kathleen-r_13,kathleen-r_13
108,https://www.trip.skyscanner.com/user/randall-chase,randall-chase
110,https://www.trip.skyscanner.com/user/john-conrad,john-conrad
112,https://www.trip.skyscanner.com/user/tom-hale,tom-hale
114,https://www.trip.skyscanner.com/user/john-abdou,john-abdou
116,https://www.trip.skyscanner.com/user/nina-beall,nina-beall
118,https://www.trip.skyscanner.com/user/jean-l_7,jean-l_7
120,https://www.trip.skyscanner.com/user/michael-s_50,michael-s_50
122,https://www.trip.skyscanner.com/user/terry-e,terry-e
124,https://www.trip.skyscanner.com/user/tracey-thad,tracey-thad
126,https://www.trip.skyscanner.com/user/beatriz-martinez_7,beatriz-martinez_7
128,https://www.trip.skyscanner.com/user/mimosa-chloe,mimosa-chloe
130,https://www.trip.skyscanner.com/user/rachel_54,rachel_54
132,https://www.trip.skyscanner.com/user/kian-r,kian-r
134,https://www.trip.skyscanner.com/user/wanderlustoneer,wanderlustoneer
136,https://www.trip.skyscanner.com/user/travel-leisure,travel-leisure
138,https://www.trip.skyscanner.com/user/chelsea-s_4,chelsea-s_4
140,https://www.trip.skyscanner.com/user/laura-o_3,laura-o_3
142,https://www.trip.skyscanner.com/user/jacqueline-g_3,jacqueline-g_3
144,https://www.trip.skyscanner.com/user/julie-k_2,julie-k_2
146,https://www.trip.skyscanner.com/user/katie-pierce,katie-pierce
148,https://www.trip.skyscanner.com/user/azpaul,azpaul
150,https://www.trip.skyscanner.com/user/morison-woo,morison-woo
152,https://www.trip.skyscanner.com/user/carlos-m_7,carlos-m_7
154,https://www.trip.skyscanner.com/user/katie-and-ben-e,katie-and-ben-e
156,https://www.trip.skyscanner.com/user/satish-talim,satish-talim
158,https://www.trip.skyscanner.com/user/chereen-f,chereen-f
160,https://www.trip.skyscanner.com/user/sally-s_4,sally-s_4
162,https://www.trip.skyscanner.com/user/jenna-million,jenna-million
164,https://www.trip.skyscanner.com/user/cassandra_5,cassandra_5
166,https://www.trip.skyscanner.com/user/jeremy-k_2,jeremy-k_2
168,https://www.trip.skyscanner.com/user/kevin-farrell,kevin-farrell
170,https://www.trip.skyscanner.com/user/derek-h_3,derek-h_3
172,https://www.trip.skyscanner.com/user/dennis-janssen,dennis-janssen
174,https://www.trip.skyscanner.com/user/amy-simoes,amy-simoes
176,https://www.trip.skyscanner.com/user/trinidad-m_2,trinidad-m_2
178,https://www.trip.skyscanner.com/user/vicki-t,vicki-t
180,https://www.trip.skyscanner.com/user/kayko,kayko
182,https://www.trip.skyscanner.com/user/jana-b,jana-b
184,https://www.trip.skyscanner.com/user/shelby-s,shelby-s
186,https://www.trip.skyscanner.com/user/sobe-collins,sobe-collins
188,https://www.trip.skyscanner.com/user/e-g_4,e-g_4
190,https://www.trip.skyscanner.com/user/avani-j,avani-j
192,https://www.trip.skyscanner.com/user/ashley-d,ashley-d
194,https://www.trip.skyscanner.com/user/essjoy,essjoy
196,https://www.trip.skyscanner.com/user/joel-rasmussen,joel-rasmussen
198,https://www.trip.skyscanner.com/user/daniel-o,daniel-o
200,https://www.trip.skyscanner.com/user/joshua-stewart_2,joshua-stewart_2
202,https://www.trip.skyscanner.com/user/karen-m_9,karen-m_9
204,https://www.trip.skyscanner.com/user/danial-hanafian,danial-hanafian
206,https://www.trip.skyscanner.com/user/sharon-k-yapp,sharon-k-yapp
208,https://www.trip.skyscanner.com/user/leslie-w_2,leslie-w_2
210,https://www.trip.skyscanner.com/user/david-valdez_3,david-valdez_3
212,https://www.trip.skyscanner.com/user/k-angel-horne,k-angel-horne
214,https://www.trip.skyscanner.com/user/raechel-hurd,raechel-hurd
216,https://www.trip.skyscanner.com/user/raman,raman
218,https://www.trip.skyscanner.com/user/badrisk,badrisk
220,https://www.trip.skyscanner.com/user/helena_4,helena_4
222,https://www.trip.skyscanner.com/user/jonathan-s_16,jonathan-s_16
224,https://www.trip.skyscanner.com/user/traci,traci
226,https://www.trip.skyscanner.com/user/karrie-l,karrie-l
228,https://www.trip.skyscanner.com/user/jpkaulmann,jpkaulmann
230,https://www.trip.skyscanner.com/user/tasha-b,tasha-b
232,https://www.trip.skyscanner.com/user/pattys-places,pattys-places
234,https://www.trip.skyscanner.com/user/ashley-s_13,ashley-s_13
236,https://www.trip.skyscanner.com/user/alexandra-richmond,alexandra-richmond
238,https://www.trip.skyscanner.com/user/mackenzie,mackenzie
240,https://www.trip.skyscanner.com/user/bob-and-pam,bob-and-pam
242,https://www.trip.skyscanner.com/user/nicolas-sauveur,nicolas-sauveur
244,https://www.trip.skyscanner.com/user/leigh-virkus,leigh-virkus
246,https://www.trip.skyscanner.com/user/sola-lodge,sola-lodge
248,https://www.trip.skyscanner.com/user/ginger-s_3,ginger-s_3
250,https://www.trip.skyscanner.com/user/craig-weichmann,craig-weichmann
252,https://www.trip.skyscanner.com/user/robin-sanders,robin-sanders
254,https://www.trip.skyscanner.com/user/michelle-k_10,michelle-k_10
256,https://www.trip.skyscanner.com/user/henry-nguyen_5,henry-nguyen_5
258,https://www.trip.skyscanner.com/user/colleen-sweazy,colleen-sweazy
260,https://www.trip.skyscanner.com/user/molly-wardlaw,molly-wardlaw
262,https://www.trip.skyscanner.com/user/malou-morato-dugtong,malou-morato-dugtong
264,https://www.trip.skyscanner.com/user/angie-m_9,angie-m_9
266,https://www.trip.skyscanner.com/user/tarina-peterson,tarina-peterson
268,https://www.trip.skyscanner.com/user/angela-liu_3,angela-liu_3
270,https://www.trip.skyscanner.com/user/clara-geffroy,clara-geffroy
272,https://www.trip.skyscanner.com/user/kelly-a_8,kelly-a_8
274,https://www.trip.skyscanner.com/user/julia-p,julia-p
276,https://www.trip.skyscanner.com/user/lindsay-coston-fields,lindsay-coston-fields
278,https://www.trip.skyscanner.com/user/scott-mcgaraghan,scott-mcgaraghan
280,https://www.trip.skyscanner.com/user/richard-james,richard-james
282,https://www.trip.skyscanner.com/user/melissa_51,melissa_51
284,https://www.trip.skyscanner.com/user/guy_10,guy_10
286,https://www.trip.skyscanner.com/user/shonda,shonda
288,https://www.trip.skyscanner.com/user/doug-j_4,doug-j_4
290,https://www.trip.skyscanner.com/user/alan-g_5,alan-g_5
292,https://www.trip.skyscanner.com/user/kelly-k_9,kelly-k_9
294,https://www.trip.skyscanner.com/user/allan-z,allan-z
296,https://www.trip.skyscanner.com/user/natalie-nokeo,natalie-nokeo
298,https://www.trip.skyscanner.com/user/wendy-p_6,wendy-p_6
300,https://www.trip.skyscanner.com/user/mzmessynessy,mzmessynessy
302,https://www.trip.skyscanner.com/user/mela-mcgary,mela-mcgary
304,https://www.trip.skyscanner.com/user/andrew-w_3,andrew-w_3
306,https://www.trip.skyscanner.com/user/kristen-kachotravels,kristen-kachotravels
308,https://www.trip.skyscanner.com/user/bibi-javed,bibi-javed
310,https://www.trip.skyscanner.com/user/sarah_80,sarah_80
312,https://www.trip.skyscanner.com/user/brenda-g_14,brenda-g_14
314,https://www.trip.skyscanner.com/user/lillie-s,lillie-s
316,https://www.trip.skyscanner.com/user/katharina-h_2,katharina-h_2
318,https://www.trip.skyscanner.com/user/jayne-g_2,jayne-g_2
320,https://www.trip.skyscanner.com/user/maria-coco-m,maria-coco-m
322,https://www.trip.skyscanner.com/user/melissa-s_16,melissa-s_16
324,https://www.trip.skyscanner.com/user/forrest-b,forrest-b
326,https://www.trip.skyscanner.com/user/steve-atwater,steve-atwater
328,https://www.trip.skyscanner.com/user/holly-w_4,holly-w_4
330,https://www.trip.skyscanner.com/user/christina-de-la-torre,christina-de-la-torre
332,https://www.trip.skyscanner.com/user/sean-r,sean-r
334,https://www.trip.skyscanner.com/user/andi-w,andi-w
336,https://www.trip.skyscanner.com/user/robin-j,robin-j
338,https://www.trip.skyscanner.com/user/elle-hiltunen,elle-hiltunen
340,https://www.trip.skyscanner.com/user/patrick-rech_2,patrick-rech_2
342,https://www.trip.skyscanner.com/user/eliot-e,eliot-e
344,https://www.trip.skyscanner.com/user/sondra-greig,sondra-greig
346,https://www.trip.skyscanner.com/user/bradley-jackson,bradley-jackson
348,https://www.trip.skyscanner.com/user/lee-a_3,lee-a_3
350,https://www.trip.skyscanner.com/user/eunice-cauich,eunice-cauich
352,https://www.trip.skyscanner.com/user/tory-k,tory-k
354,https://www.trip.skyscanner.com/user/vivian-c,vivian-c
356,https://www.trip.skyscanner.com/user/glen-l,glen-l
358,https://www.trip.skyscanner.com/user/scott-c_5,scott-c_5
360,https://www.trip.skyscanner.com/user/h12-outdoor-cafe,h12-outdoor-cafe
362,https://www.trip.skyscanner.com/user/sharon-bubz-z,sharon-bubz-z
364,https://www.trip.skyscanner.com/user/carlie-yapp,carlie-yapp
366,https://www.trip.skyscanner.com/user/lorraine_7,lorraine_7
368,https://www.trip.skyscanner.com/user/pam-k_2,pam-k_2
370,https://www.trip.skyscanner.com/user/florencia-pettigrew-prada,florencia-pettigrew-prada
372,https://www.trip.skyscanner.com/user/robert-rodriguez_8,robert-rodriguez_8
374,https://www.trip.skyscanner.com/user/hannah-shirley,hannah-shirley
376,https://www.trip.skyscanner.com/user/niranjana-ramkumar,niranjana-ramkumar
378,https://www.trip.skyscanner.com/user/leslie-g_4,leslie-g_4
380,https://www.trip.skyscanner.com/user/cora-brown,cora-brown
382,https://www.trip.skyscanner.com/user/loren-r_3,loren-r_3
384,https://www.trip.skyscanner.com/user/dominique-d,dominique-d
386,https://www.trip.skyscanner.com/user/minnie-pilli,minnie-pilli
388,https://www.trip.skyscanner.com/user/david-k_25,david-k_25
390,https://www.trip.skyscanner.com/user/julie-h_11,julie-h_11
392,https://www.trip.skyscanner.com/user/dorothy-molencupp,dorothy-molencupp
394,https://www.trip.skyscanner.com/user/rosemary-tsai,rosemary-tsai
396,https://www.trip.skyscanner.com/user/cindy-chow_2,cindy-chow_2
398,https://www.trip.skyscanner.com/user/teresa-d_4,teresa-d_4
400,https://www.trip.skyscanner.com/user/sam_38,sam_38
402,https://www.trip.skyscanner.com/user/gabriel_8,gabriel_8
404,https://www.trip.skyscanner.com/user/nikolina-keil,nikolina-keil
406,https://www.trip.skyscanner.com/user/rebecca-m_11,rebecca-m_11
408,https://www.trip.skyscanner.com/user/jared-m,jared-m
410,https://www.trip.skyscanner.com/user/maggie-g_4,maggie-g_4
412,https://www.trip.skyscanner.com/user/stephen-bugno,stephen-bugno
414,https://www.trip.skyscanner.com/user/john-w_28,john-w_28
416,https://www.trip.skyscanner.com/user/zachary-p,zachary-p
418,https://www.trip.skyscanner.com/user/riane-yates,riane-yates
420,https://www.trip.skyscanner.com/user/janet-george,janet-george
422,https://www.trip.skyscanner.com/user/casa-de-olivia,casa-de-olivia
424,https://www.trip.skyscanner.com/user/elizabeth-perez_8,elizabeth-perez_8
426,https://www.trip.skyscanner.com/user/michael-b_106,michael-b_106
428,https://www.trip.skyscanner.com/user/maggie-li_3,maggie-li_3
430,https://www.trip.skyscanner.com/user/richard-p_2,richard-p_2
432,https://www.trip.skyscanner.com/user/lee-lytle,lee-lytle
434,https://www.trip.skyscanner.com/user/marsha-h_5,marsha-h_5
436,https://www.trip.skyscanner.com/user/edward-melendez_3,edward-melendez_3
438,https://www.trip.skyscanner.com/user/meghan-johnson_2,meghan-johnson_2
